task,model,wa,ua,wf1,paper_wa,paper_ua,paper_wf1,wf1_delta_pp,tag
ICBHI,HuBERT-base,0.8472,0.2241,0.8281,0.924,0.326,0.930,-10.19,低于论文
ICBHI,wav2vec2-base,0.8750,0.3223,0.8682,0.911,0.240,0.903,-3.48,低于论文
ICBHI,wav2vec2-large,0.8333,0.1250,0.7576,0.916,0.200,0.876,-11.84,低于论文
TORGO,HuBERT-base,0.9608,0.9509,0.9606,0.979,0.976,0.979,-1.84,接近论文
TORGO,wav2vec2-base,0.9408,0.9399,0.9412,0.902,0.887,0.901,+4.02,高于论文但口径不同
TORGO,wav2vec2-large,0.8934,0.8830,0.8940,0.858,0.841,0.857,+3.70,高于论文但口径不同
SEP-28k,HuBERT-base,0.7481,0.6283,0.7344,0.747,0.740,0.747,-1.26,接近论文
SEP-28k,wav2vec2-base,0.7262,0.6088,0.7149,0.692,0.693,0.693,+2.19,高于论文但口径不同
SEP-28k,wav2vec2-large,0.7413,0.5000,0.6312,0.732,0.710,0.724,-9.28,低于论文
